선수명,상대명,상대종족,맵,결과,경기일자,비고
"면추가","키모야","T","3","win","2026-03-17","2026-02-26 (1경기)"
"깨림이","꼬니부깅","P","뷰","win","2026-03-17","2025-09-28 (1경기)"
"히댕","이루리","P","버미어","win","2026-03-17","2024-10-22 (3경기)"
"엄보리","김채이","P","라데온","win","2026-03-17","2026-03-03 (7경기)"
"금선","나린","Z","뷰","win","2026-03-17","2025-09-14 (2경기)"
"꼬니부깅","깨림이","T","0","lose","2026-03-17","2025-09-28 (1경기)"
"나린","예슬","P","라데온","win","2026-03-17","2024-11-20 (6경기)"
"려원님","하랑","P","버미어","win","2026-03-17","2024-10-22 (2경기)"
"유복실","이유란","Z","녹아웃","lose","2026-03-17","2026-01-29 (5경기)"
"빵리나","링고","P","네오실피드","win","2026-03-17","2026-03-03 (6경기)"
"다예","구보라","P","폴리포이드","win","2026-03-17","2025-10-08 (2경기)"
"허로아","요시","P","폴리포이드","win","2026-03-17","2025-09-14 (1경기)"
"이영호","조일장","Z","폴스타","win","2026-03-17","2025-10-02 (2경기)"
"하블리","또봉순","Z","폴리포이드","lose","2026-03-17","2025-09-28 (7경기)"
"연애인","링고","P","라데온","win","2026-03-17","2024-11-27 (2경기)"
"태영","설둥이","P","폴리포이드","lose","2026-03-17","2024-11-20 (5경기)"
"구보라","뿌리","P","라데온","win","2026-03-17","2024-11-08 (5경기)"
"하랑","려원님","T","버미어","lose","2026-03-17","2024-10-22 (2경기)"
"박재혁","유승곤","T","백","lose","2026-03-17","2024-12-20 (13경기)"
"이유란","유복실","P","녹아웃","win","2026-03-17","2026-01-29 (5경기)"
"김호성","박지호","P","녹아웃","win","2026-03-17","2025-12-01 (6경기)"
"링고","빵리나","P","네오실피드","lose","2026-03-17","2026-03-03 (6경기)"
"비재희","려원님","T","폴리포이드","win","2026-03-17","2026-02-07 (3경기)"
"최호선","송병구","P","폴스타","win","2026-03-17","2025-10-08 (1경기)"
"메옹","빵미유","Z","라데온","win","2026-03-17","2025-10-01 (5경기)"
"요시","허로아","T","폴리포이드","lose","2026-03-17","2025-09-14 (1경기)"
"우힝이","또봉순","Z","폴리포이드","lose","2026-03-17","2025-11-09 (4경기)"
"햇살","요닝","Z","뷰","win","2026-03-17","2025-10-02 (1경기)"
"이재호","변현제","P","폴스타","lose","2026-03-17","2025-08-12 (5경기)"
"또봉순","하블리","Z","폴리포이드","win","2026-03-17","2025-09-28 (7경기)"
"몽순","햇살","T","뷰","lose","2026-03-17","2024-11-30 (2경기)"
"빵리나","쥬나","Z","라데온","win","2026-03-17","2024-11-27 (1경기)"
"나예리","이유란","Z","폴리포이드","lose","2026-03-17","2024-12-08 (7경기)"
"설둥이","태영","T","폴리포이드","win","2026-03-17","2024-11-20 (5경기)"
"남수댕","김채이","P","뷰","win","2026-03-17","2024-11-17 (3경기)"
"뿌리","구보라","P","라데온","lose","2026-03-17","2024-11-08 (5경기)"
"야리","카히리","Z","라데온","lose","2026-03-17","2024-10-27 (5경기)"
"윤용태","이예훈","Z","백","win","2026-03-17","2024-10-22 (1경기)"
"얌쭈","밍도릿","Z","라데온","win","2026-03-17","2024-10-20 (8경기)"
"유승곤","박재혁","Z","백","win","2026-03-17","2024-12-20 (13경기)"
"다나짱","카히리","Z","폴리포이드","lose","2026-03-17","2026-02-03 (2경기)"
"남덕선","다나짱","P","라데온","win","2026-03-17","2026-01-29 (4경기)"
"오하얀","유이","T","녹아웃","lose","2026-03-17","2026-01-10 (4경기)"
"지동원","김준혁","Z","리트머스","win","2026-03-17","2025-12-01 (5경기)"
"초롱빡","상어녀","Z","4","lose","2026-03-17","2026-03-04 (1경기)"
"설둥이","시녕뭉","Z","네오실피드","lose","2026-03-17","2026-03-03 (5경기)"
"백갑숙","또해영","Z","라데온","win","2026-03-17","2026-02-13 (4경기)"
"려원님","비재희","Z","폴리포이드","lose","2026-03-17","2026-02-07 (3경기)"
"퀸주","면추가","Z","4","lose","2026-03-17","2025-10-19 (1경기)"
"송병구","최호선","T","폴스타","lose","2026-03-17","2025-10-08 (1경기)"
"아라미","강덕구","T","폴리포이드","win","2026-03-17","2025-10-08 (6경기)"
"묘아","최세상","T","폴리포이드","lose","2026-03-17","2025-10-01 (4경기)"
"우힝이","쟈닌","Z","1","win","2026-03-17","2025-09-28 (1경기)"
"허로아","금선","T","2","lose","2026-03-17","2025-09-14 (1경기)"
"은서","밥새","T","뷰","lose","2026-03-17","2025-09-11 (2경기)"
"또봉순","우힝이","T","폴리포이드","win","2026-03-17","2025-11-09 (4경기)"
"하루묭","효짱","P","폴리포이드","lose","2026-03-17","2025-10-28 (7경기)"
"요닝","햇살","T","뷰","lose","2026-03-17","2025-10-02 (1경기)"
"이예준","전제민","P","폴리포이드","win","2026-03-17","2025-08-27 (4경기)"
"변현제","이재호","T","폴스타","win","2026-03-17","2025-08-12 (5경기)"
"오리꿍","막내현진","P","폴리포이드","win","2026-03-17","2025-10-02 (9경기)"
"하블리","또봉순","Z","라데온","lose","2026-03-17","2025-09-28 (6경기)"
"은서","김봄비","Z","폴리포이드","win","2026-03-17","2025-02-19 (4경기)"
"햇살","몽순","Z","뷰","win","2026-03-17","2024-11-30 (2경기)"
"김민철","이재호","T","메트로폴리스","win","2026-03-17","2025-02-16 (4경기)"
"쥬나","빵리나","P","라데온","lose","2026-03-17","2024-11-27 (1경기)"
"고석현","지동원","T","라데온","lose","2026-03-17","2025-02-07 (7경기)"
"이유란","나예리","T","폴리포이드","win","2026-03-17","2024-12-08 (7경기)"
"김동민","최재성","T","버미어","lose","2026-03-17","2024-10-16 (8경기)"
"주하랑","김채이","P","라데온","win","2026-03-17","2024-11-20 (4경기)"
"이루리","유이","T","라데온","lose","2026-03-17","2024-11-20 (4경기)"
"김채이","남수댕","P","뷰","lose","2026-03-17","2024-11-17 (3경기)"
"서문지훈","정경두","P","민스트럴","win","2026-03-17","2024-11-10 (1경기)"
"구보라","시조새","P","폴리포이드","win","2026-03-17","2024-11-08 (4경기)"
"태영","졈니","P","버미어","lose","2026-03-17","2024-11-03 (3경기)"
"공다츠","나예리","T","라데온","lose","2026-03-17","2024-10-27 (4경기)"
"앵지","하리","P","라데온","lose","2026-03-17","2024-10-26 (2경기)"
"이예훈","윤용태","P","백","lose","2026-03-17","2024-10-22 (1경기)"
"슬돌이","럭뜨","Z","버미어","win","2026-03-17","2024-10-20 (1경기)"
"밍도릿","얌쭈","Z","라데온","lose","2026-03-17","2024-10-20 (8경기)"
"시조새","쥬나","Z","라데온","lose","2026-03-17","2024-12-22 (3경기)"
"박태민","윤호준","P","라데온","win","2026-03-17","2024-12-20 (12경기)"
"찌킹","졈니","P","폴리포이드","lose","2026-03-17","2024-12-15 (2경기)"
"엄보리","임조이","Z","라데온","lose","2026-03-17","2026-02-03 (1경기)"
"슈슈","소주양","T","폴리포이드","lose","2026-03-17","2026-01-30 (2경기)"
"다나짱","남덕선","Z","라데온","lose","2026-03-17","2026-01-29 (4경기)"
"오하얀","란란","Z","폴리포이드","win","2026-03-17","2026-01-21 (2경기)"
"트슈","미등록자대체","T","녹아웃","lose","2026-03-17","2026-01-10 (3경기)"
"애공","라히","T","폴리포이드","lose","2026-03-17","2026-01-03 (5경기)"
"김준혁","지동원","T","리트머스","lose","2026-03-17","2025-12-01 (5경기)"
"박상현","조일장","Z","폴스타","win","2026-03-17","2026-03-08 (1경기)"
"상어녀","초롱빡","P","4","win","2026-03-17","2026-03-04 (1경기)"
"진유성","연블비","Z","네오실피드","lose","2026-03-17","2026-03-04 (8경기)"
"시녕뭉","설둥이","P","네오실피드","win","2026-03-17","2026-03-03 (5경기)"
"막내현진","오리꿍","Z","폴리포이드","win","2026-03-17","2026-02-24 (6경기)"
"또해영","백갑숙","P","라데온","lose","2026-03-17","2026-02-13 (4경기)"
"백갑숙","비타밍","T","녹아웃","win","2026-03-17","2026-02-09 (5경기)"
"제티","쟈닌","Z","폴리포이드","lose","2026-03-17","2026-02-07 (2경기)"
"다라츄","허로아","T","2","lose","2026-03-17","2025-10-28 (1경기)"
"면추가","퀸주","Z","4","win","2026-03-17","2025-10-19 (1경기)"
"김대한","민찬기","T","1","lose","2026-03-17","2025-10-16 (1경기)"
"최호선","다예","Z","2","lose","2026-03-17","2025-10-08 (1경기)"
"송병구","최호선","T","라데온","win","2026-03-17","2025-10-08 (9경기)"
"백갑숙","박하악","Z","라데온","lose","2026-03-17","2025-10-08 (5경기)"
"찌킹","빵리나","P","폴리포이드","lose","2026-03-17","2025-10-02 (3경기)"
"최세상","묘아","P","폴리포이드","win","2026-03-17","2025-10-01 (4경기)"
"정민기","이영한","Z","리트머스","lose","2026-03-17","2025-09-28 (2경기)"
"찡찡시아","단비송","T","폴리포이드","lose","2026-03-17","2025-09-28 (7경기)"
"이창우","임진묵","T","3","lose","2026-03-17","2025-09-27 (1경기)"
"금선","허로아","T","2","win","2026-03-17","2025-09-14 (1경기)"
"최재성","장민철","P","3","lose","2026-03-17","2025-09-12 (1경기)"
"먹체토","박퍼니","T","뷰","win","2026-03-17","2025-09-11 (1경기)"
"모비","우마루대장","Z","폴리포이드","lose","2026-03-17","2025-11-10 (6경기)"
"히엉","뚜미","T","녹아웃","win","2026-03-17","2025-11-09 (3경기)"
"최재성","박준영","P","라데온","lose","2026-03-17","2025-09-07 (4경기)"
"효짱","하루묭","P","폴리포이드","win","2026-03-17","2025-10-28 (7경기)"
"링가","남수댕","P","라데온","lose","2026-03-17","2025-10-27 (7경기)"
"햇살","이영호","T","4","lose","2026-03-17","2025-10-02 (1경기)"
"하리","슬아","Z","1","win","2026-03-17","2025-09-01 (1경기)"
"변현제","이영호","T","메트로폴리스","win","2026-03-17","2025-08-27 (3경기)"
"하루묭","또해영","Z","뷰","win","2026-03-17","2025-08-19 (5경기)"
"전제민","민찬기","T","폴리포이드","lose","2026-03-17","2025-08-12 (4경기)"
"토마토","나무늘봉순","Z","라데온","lose","2026-03-17","2025-10-02 (4경기)"
"막내현진","오리꿍","Z","뷰","lose","2026-03-17","2025-10-02 (8경기)"
"밥새","황단비","Z","라데온","win","2026-03-17","2025-09-28 (3경기)"
"또봉순","하블리","Z","라데온","win","2026-03-17","2025-09-28 (6경기)"
"2라니","엄보리","P","폴리포이드","win","2026-03-17","2024-12-15 (8경기)"
"꼬니부깅","나린","Z","폴리포이드","win","2026-03-17","2025-02-19 (3경기)"
"2라니","진유성","P","폴리포이드","win","2026-03-17","2025-02-18 (3경기)"
"다나짱","혜로로","Z","도미네이터","lose","2026-03-17","2024-11-30 (1경기)"
"이재호","변현제","P","1","win","2026-03-17","2024-11-30 (1경기)"
"백갑숙","효짱","P","라데온","lose","2026-03-17","2025-02-18 (6경기)"
"규리야","하이현","T","2","win","2026-03-17","2025-02-09 (1경기)"
"빵리나","연애인","P","3","lose","2026-03-17","2024-11-27 (1경기)"
"려원님","밍도릿","Z","폴리포이드","win","2026-03-17","2025-02-07 (4경기)"
"지동원","고석현","Z","라데온","win","2026-03-17","2025-02-07 (7경기)"
"비타밍","햄찌야","Z","폴리포이드","lose","2026-03-17","2024-12-08 (4경기)"
"비타밍","햄찌야","Z","라데온","win","2026-03-17","2024-12-08 (6경기)"
"김성대","조기석","T","판테온","lose","2026-03-17","2024-12-08 (9경기)"
"주서리","구루미","Z","버미어","lose","2026-03-17","2024-10-16 (7경기)"
"우리밍","구보라","P","2","lose","2026-03-17","2024-11-20 (1경기)"
"김채이","주하랑","P","라데온","lose","2026-03-17","2024-11-20 (4경기)"
"빵미유","안녕하세연두","P","2","lose","2026-03-17","2024-11-20 (1경기)"
"유이","이루리","P","라데온","win","2026-03-17","2024-11-20 (4경기)"
"조현","슈슈","Z","도미네이터","win","2026-03-17","2024-11-20 (7경기)"
"소주양","나린","Z","도미네이터","lose","2026-03-17","2024-11-17 (2경기)"
"비타밍","2라니","Z","라데온","lose","2026-03-17","2024-11-17 (7경기)"
"정경두","서문지훈","Z","2","lose","2026-03-17","2024-11-10 (1경기)"
"뿌리","깨림이","T","버미어","lose","2026-03-17","2024-11-08 (1경기)"
"시조새","구보라","P","폴리포이드","lose","2026-03-17","2024-11-08 (4경기)"
"뚜비","하랑","P","폴리포이드","win","2026-03-17","2024-11-05 (1경기)"
"졈니","태영","T","버미어","win","2026-03-17","2024-11-03 (3경기)"
"혜로로","설둥이","P","4","lose","2026-03-17","2024-10-27 (1경기)"
"나예리","공다츠","Z","라데온","win","2026-03-17","2024-10-27 (4경기)"
"조일장","김지성","T","판테온","lose","2026-03-17","2024-10-27 (9경기)"
"하리","앵지","Z","라데온","win","2026-03-17","2024-10-26 (2경기)"
"조은","졈니","P","버미어","win","2026-03-17","2024-10-26 (6경기)"
"윤용태","히댕","Z","3","lose","2026-03-17","2024-10-22 (1경기)"
"진유성","얌쭈","Z","라데온","lose","2026-03-17","2024-10-21 (1경기)"
"럭뜨","슬돌이","P","4","lose","2026-03-17","2024-10-20 (1경기)"
"강새이","찌킹","Z","버미어","win","2026-03-17","2024-10-20 (4경기)"
"소심","김뽀뇨","P","라데온","lose","2026-03-17","2024-10-20 (7경기)"
"짱다","귀요민정","Z","라데온","win","2026-03-17","2024-10-20 (2경기)"
"쥬나","시조새","P","라데온","win","2026-03-17","2024-12-22 (3경기)"
"이예훈","구성훈","T","판테온","win","2026-03-17","2024-12-22 (7경기)"
"윤호준","박태민","Z","라데온","lose","2026-03-17","2024-12-20 (12경기)"
"김채이","귀요민정","Z","도미네이터","win","2026-03-17","2024-12-19 (6경기)"
"졈니","찌킹","Z","폴리포이드","win","2026-03-17","2024-12-15 (2경기)"
"앵지","김뽀뇨","P","뷰","lose","2026-03-17","2024-12-15 (6경기)"
"임조이","엄보리","P","라데온","win","2026-03-17","2026-02-03 (1경기)"
"링고","몽순","Z","녹아웃","lose","2026-03-17","2026-02-03 (5경기)"
"소주양","슈슈","Z","폴리포이드","win","2026-03-17","2026-01-30 (2경기)"
"김설","밍가","P","2","win","2026-03-17","2026-01-29 (1경기)"
"나예리","박듀듀","P","폴리포이드","lose","2026-03-17","2026-01-29 (3경기)"
"나린","최세상","T","라데온","win","2026-03-17","2026-01-28 (1경기)"
"란란","오하얀","P","폴리포이드","lose","2026-03-17","2026-01-21 (2경기)"
"선정은","히댕","Z","라데온","lose","2026-03-17","2026-01-21 (5경기)"
"미등록자대체","트슈","P","녹아웃","win","2026-03-17","2026-01-10 (3경기)"
"정연이","고요","Z","폴리포이드","lose","2026-03-17","2026-01-03 (1경기)"
"라히","애공","P","폴리포이드","win","2026-03-17","2026-01-03 (5경기)"
"박종승","박성준","Z","라데온","win","2026-03-17","2025-12-01 (1경기)"
"김영진","진영화","P","리트머스","lose","2026-03-17","2025-12-01 (4경기)"
"단양","오하얀","P","녹아웃","lose","2026-03-17","2026-03-08 (5경기)"
"조일장","박상현","Z","폴스타","lose","2026-03-17","2026-03-08 (1경기)"
"진땅콩","행복짱","Z","폴리포이드","lose","2026-03-17","2026-03-08 (5경기)"
"깨림이","주하랑","P","네오실피드","lose","2026-03-17","2026-03-08 (8경기)"
"뀨알","다라츄","Z","네오실피드","lose","2026-03-17","2026-03-04 (4경기)"
"지아송","퀸주","Z","폴리포이드","win","2026-03-17","2026-03-04 (7경기)"
"은서","면추가","Z","녹아웃","win","2026-03-17","2026-03-03 (1경기)"
"소심","하리","P","폴리포이드","win","2026-03-17","2026-03-03 (4경기)"
"조은","쥬나","Z","녹아웃","win","2026-03-17","2026-02-24 (4경기)"
"오리꿍","막내현진","P","폴리포이드","lose","2026-03-17","2026-02-24 (6경기)"
"다예나","퀸주","Z","1","win","2026-03-17","2026-02-13 (1경기)"
"진유성","박하악","Z","네오실피드","lose","2026-03-17","2026-02-13 (3경기)"
"최도랑","조은","T","네오실피드","win","2026-03-17","2026-02-09 (1경기)"
"면추가","막내현진","P","폴리포이드","lose","2026-03-17","2026-02-09 (4경기)"
"효짱","또해영","Z","폴리포이드","win","2026-03-17","2025-11-02 (2경기)"
"쟈닌","제티","P","폴리포이드","win","2026-03-17","2026-02-07 (2경기)"
"단이","돌애정","T","라데온","lose","2026-03-17","2026-02-07 (6경기)"
"허로아","다라츄","Z","2","win","2026-03-17","2025-10-28 (1경기)"
"비타밍","핑핑","Z","라데온","win","2026-03-17","2025-10-28 (4경기)"
"기나","박듀듀","P","리트머스","lose","2026-03-17","2025-10-28 (6경기)"
"링고","강덕구","T","라데온","win","2026-03-17","2025-10-19 (3경기)"
"민찬기","김대한","Z","1","win","2026-03-17","2025-10-16 (1경기)"
"허유진","박지호","P","라데온","lose","2026-03-17","2025-10-16 (3경기)"
"다예","최호선","T","2","win","2026-03-17","2025-10-08 (1경기)"
"시조새","파찌","Z","라데온","lose","2026-03-17","2025-10-08 (4경기)"
"하루묭","핑핑","Z","폴리포이드","win","2026-03-17","2025-10-08 (7경기)"
"김건욱","민찬기","T","라데온","lose","2026-03-17","2025-10-08 (2경기)"
"박하악","백갑숙","P","라데온","win","2026-03-17","2025-10-08 (5경기)"
"수핸","김채이","P","1","lose","2026-03-17","2025-10-02 (1경기)"
"빵리나","찌킹","Z","폴리포이드","win","2026-03-17","2025-10-02 (3경기)"
"슈슈","이아깽","T","1","lose","2026-03-17","2025-10-01 (1경기)"
"요시","김말랑","T","폴리포이드","lose","2026-03-17","2025-10-01 (3경기)"
"예슬","꼬니부깅","P","2","lose","2026-03-17","2025-09-28 (1경기)"
"김윤중","정영재","T","도미네이터","lose","2026-03-17","2025-09-28 (1경기)"
"단비송","찡찡시아","P","폴리포이드","lose","2026-03-17","2025-09-28 (4경기)"
"단비송","찡찡시아","P","폴리포이드","win","2026-03-17","2025-09-28 (7경기)"
"히엉","구보라","P","라데온","win","2026-03-17","2025-09-28 (3경기)"
"임진묵","이창우","Z","3","win","2026-03-17","2025-09-27 (1경기)"
"강민기","어윤수","Z","폴스타","lose","2026-03-17","2025-09-27 (2경기)"
"구쁘","허로아","T","라데온","lose","2026-03-17","2025-11-06 (8경기)"
"라미","유복실","P","뷰","win","2026-03-17","2025-09-14 (2경기)"
"장민철","최재성","T","3","win","2026-03-17","2025-09-12 (1경기)"
"정소윤","박단원","P","라데온","win","2026-03-17","2025-09-12 (4경기)"
"박퍼니","먹체토","P","뷰","lose","2026-03-17","2025-09-11 (1경기)"
"공다츠","하리","P","라데온","win","2026-03-17","2025-09-11 (5경기)"
"우마루대장","모비","P","폴리포이드","win","2026-03-17","2025-11-10 (6경기)"
"비재희","남수댕","P","폴리포이드","lose","2026-03-17","2025-11-10 (9경기)"
"뚜미","히엉","T","녹아웃","lose","2026-03-17","2025-11-09 (3경기)"
"밥새","핑핑","Z","3","lose","2026-03-17","2025-09-07 (1경기)"
"박준영","최재성","T","라데온","win","2026-03-17","2025-09-07 (4경기)"
"밥새","핑핑","Z","라데온","win","2026-03-17","2025-09-07 (7경기)"
"뿌하","박하악","Z","리트머스","lose","2026-03-17","2025-10-28 (6경기)"
"히엉","나무늘봉순","Z","리트머스","lose","2026-03-17","2025-10-27 (3경기)"
"우마루대장","김말랑","T","폴리포이드","win","2026-03-17","2025-10-27 (6경기)"
"이영한","김재현","T","리트머스","win","2026-03-17","2025-10-19 (9경기)"
"이영호","햇살","T","4","win","2026-03-17","2025-10-02 (1경기)"
"옆집뽀누나","예슬","P","뷰","lose","2026-03-17","2025-09-03 (1경기)"
"김설","지방시","P","폴리포이드","lose","2026-03-17","2025-09-03 (5경기)"
"링고","옆집뽀누나","T","뷰","win","2026-03-17","2025-09-01 (3경기)"
"이영호","변현제","P","메트로폴리스","lose","2026-03-17","2025-08-27 (3경기)"
"또해영","밥새","T","라데온","lose","2026-03-17","2025-08-19 (1경기)"
"빵지니","쟈닌","Z","뷰","lose","2026-03-17","2025-08-19 (4경기)"
"송병구","김지성","T","0","lose","2026-03-17","2025-08-12 (1경기)"
"민찬기","전제민","P","폴리포이드","win","2026-03-17","2025-08-12 (4경기)"
"이창우","지동원","T","폴리포이드","lose","2026-03-17","2025-08-12 (2경기)"
"나무늘봉순","토마토","P","라데온","win","2026-03-17","2025-10-02 (4경기)"
"두디","조은","T","뷰","win","2026-03-17","2025-10-02 (6경기)"
"오리꿍","막내현진","P","뷰","win","2026-03-17","2025-10-02 (8경기)"
"예슬","꼬니부깅","P","뷰","lose","2026-03-17","2025-09-28 (1경기)"
"황단비","밥새","T","라데온","lose","2026-03-17","2025-09-28 (3경기)"
"구보라","뚜미","T","뷰","win","2026-03-17","2025-09-28 (4경기)"
"쟈닌","구키","P","폴리포이드","lose","2026-03-17","2025-09-28 (5경기)"
"2라니","엄보리","P","폴리포이드","lose","2026-03-17","2024-12-15 (6경기)"
"엄보리","2라니","Z","폴리포이드","lose","2026-03-17","2024-12-15 (8경기)"
"핑핑","하이현","T","라데온","win","2026-03-17","2025-02-19 (7경기)"
"나린","꼬니부깅","P","폴리포이드","lose","2026-03-17","2025-02-19 (3경기)"
"따뜻","메옹","T","라데온","lose","2026-03-17","2025-02-19 (5경기)"
"유이","서윤","Z","폴리포이드","lose","2026-03-17","2025-02-18 (2경기)"
"백갑숙","효짱","P","라데온","win","2026-03-17","2025-02-18 (4경기)"
"혜로로","다나짱","P","도미네이터","win","2026-03-17","2024-11-30 (1경기)"
"연수","팥순","P","폴리포이드","lose","2026-03-17","2024-11-30 (4경기)"
"밍가","귀요민정","Z","도미네이터","lose","2026-03-17","2024-11-30 (5경기)"
"변현제","이재호","T","판테온","lose","2026-03-17","2024-11-30 (1경기)"
"효짱","백갑숙","P","라데온","win","2026-03-17","2025-02-18 (6경기)"
"빵지니","허지율","Z","폴리포이드","win","2026-03-17","2025-02-16 (6경기)"
"오리꿍","히요코","P","라데온","win","2026-03-17","2025-02-16 (7경기)"
"하이현","사사삼","P","폴리포이드","win","2026-03-17","2025-02-09 (1경기)"
"연애인","빵리나","P","3","win","2026-03-17","2024-11-27 (1경기)"
"2라니","수니양","T","폴리포이드","win","2026-03-17","2024-11-27 (3경기)"
"방실이","나무늘봉순","Z","폴리포이드","lose","2026-03-17","2024-11-27 (5경기)"
"김뽀뇨","카히리","Z","라데온","lose","2026-03-17","2025-02-07 (5경기)"
"김경모","윤수철","P","폴스타","win","2026-03-17","2025-02-07 (6경기)"
"이유란","나예리","T","라데온","win","2026-03-17","2024-12-08 (3경기)"
"햄찌야","비타밍","T","폴리포이드","win","2026-03-17","2024-12-08 (4경기)"
"빵리나","구보라","P","뷰","lose","2026-03-17","2024-12-08 (5경기)"
"햄찌야","비타밍","T","라데온","lose","2026-03-17","2024-12-08 (6경기)"
"뚜비","하두링","P","라데온","win","2026-03-17","2025-02-23 (8경기)"
"조기석","김성대","Z","판테온","win","2026-03-17","2024-12-08 (9경기)"
"방실이","디임","P","라데온","lose","2026-03-17","2024-12-08 (5경기)"
"구루미","주서리","P","버미어","win","2026-03-17","2024-10-16 (7경기)"
"주서리","구루미","Z","폴리포이드","win","2026-03-17","2024-10-16 (10경기)"
"구보라","우리밍","T","2","win","2026-03-17","2024-11-20 (1경기)"
"나예리","은똥","P","도미네이터","win","2026-03-17","2024-11-20 (2경기)"
"예슬","나린","Z","폴리포이드","lose","2026-03-17","2024-11-20 (3경기)"
"은똥","나예리","T","도미네이터","win","2026-03-17","2024-11-20 (7경기)"
"안녕하세연두","빵미유","Z","2","win","2026-03-17","2024-11-20 (1경기)"
"라미","성예량","P","뷰","lose","2026-03-17","2024-11-20 (2경기)"
"슬아","안녕하세연두","P","도미네이터","lose","2026-03-17","2024-11-20 (3경기)"
"키링","시녕뭉","Z","라데온","win","2026-03-17","2024-11-20 (5경기)"
"너부리","임밍지","P","폴리포이드","lose","2026-03-17","2024-11-20 (6경기)"
"빵리나","나예리","T","4","lose","2026-03-17","2024-11-17 (1경기)"
"나린","소주양","T","도미네이터","win","2026-03-17","2024-11-17 (2경기)"
"김지성","김민철","Z","백","lose","2026-03-17","2024-11-17 (5경기)"
"림예이","구보라","P","라데온","win","2026-03-17","2024-11-17 (6경기)"
"링고","설둥이","P","폴리포이드","lose","2026-03-17","2024-11-17 (8경기)"
"서문지훈","정경두","P","2","win","2026-03-17","2024-11-10 (1경기)"
"정소윤","송호영","T","폴리포이드","win","2026-03-17","2024-11-10 (2경기)"
"깨림이","공다츠","Z","6","lose","2026-03-17","2024-11-08 (1경기)"
"공다츠","두디","Z","라데온","win","2026-03-17","2024-11-08 (2경기)"
"나예리","아라미","Z","버미어","win","2026-03-17","2024-11-08 (3경기)"
"시조새","구보라","P","버미어","win","2026-03-17","2024-11-08 (7경기)"
"하랑","뚜비","T","3","lose","2026-03-17","2024-11-05 (1경기)"
"정윤종","유영진","T","민스트럴","win","2026-03-17","2024-11-03 (1경기)"
"김윤중","윤찬희","T","백","lose","2026-03-17","2024-11-03 (2경기)"
"김윤환","지동원","T","뷰","win","2026-03-17","2024-11-03 (5경기)"
"설둥이","혜로로","Z","4","win","2026-03-17","2024-10-27 (1경기)"
"설둥이","햇살","T","폴리포이드","win","2026-03-17","2024-10-27 (2경기)"
"귀요민정","김채이","P","폴리포이드","win","2026-03-17","2024-10-27 (3경기)"
"조일장","김지성","T","민스트럴","lose","2026-03-17","2024-10-27 (6경기)"
"김지성","조일장","Z","판테온","win","2026-03-17","2024-10-27 (9경기)"
"하리","디임","P","3","win","2026-03-17","2024-10-26 (1경기)"
"디임","지두두","T","버미어","win","2026-03-17","2024-10-26 (1경기)"
"이아깽","모리","T","폴리포이드","win","2026-03-17","2024-10-26 (4경기)"
"치리","으냉이","T","라데온","win","2026-03-17","2024-10-26 (5경기)"
"졈니","조은","T","버미어","win","2026-03-17","2024-10-26 (7경기)"
"히댕","윤용태","P","3","win","2026-03-17","2024-10-22 (1경기)"
"연블비","예슬","P","라데온","win","2026-03-17","2024-10-22 (4경기)"
"얌쭈","진유성","P","라데온","win","2026-03-17","2024-10-21 (1경기)"
"예빈","비타밍","T","폴리포이드","lose","2026-03-17","2024-10-21 (3경기)"
"슬돌이","럭뜨","Z","4","win","2026-03-17","2024-10-20 (1경기)"
"비재희","소주양","T","폴리포이드","win","2026-03-17","2024-10-20 (2경기)"
"찌킹","강새이","P","버미어","lose","2026-03-17","2024-10-20 (4경기)"
"하블리","연다람지","T","폴리포이드","lose","2026-03-17","2024-10-20 (5경기)"
"김뽀뇨","소심","T","라데온","win","2026-03-17","2024-10-20 (7경기)"
"전태양","원선재","P","0","win","2026-03-17","2024-10-20 (1경기)"
"원선재","전태양","T","민스트럴","lose","2026-03-17","2024-10-20 (1경기)"
"공다츠","빵리나","P","라데온","lose","2026-03-17","2024-10-20 (3경기)"
"구성훈","이예훈","Z","라데온","lose","2026-03-17","2024-12-22 (2경기)"
"규리야","아라미","Z","폴리포이드","lose","2026-03-17","2024-12-22 (5경기)"
"시조새","쥬나","Z","도미네이터","lose","2026-03-17","2024-12-22 (6경기)"
"이예훈","신상문","T","민스트럴","win","2026-03-17","2024-12-20 (10경기)"
"김명운","도재욱","P","도미네이터","win","2026-03-17","2024-12-20 (11경기)"
"아라미","설둥이","P","폴리포이드","lose","2026-03-17","2024-12-19 (3경기)"
"공다츠","나예리","T","도미네이터","lose","2026-03-17","2024-12-19 (5경기)"
"먼진","비타밍","T","라데온","lose","2026-03-17","2024-12-19 (7경기)"
"늑대채린","토마토","P","도미네이터","lose","2026-03-17","2024-12-15 (1경기)"
"디임","슬돌이","P","폴리포이드","win","2026-03-17","2024-12-15 (4경기)"
"내가먼지","임조이","Z","라데온","lose","2026-03-17","2024-12-15 (5경기)"
"밍도릿","치리","Z","뷰","lose","2026-03-17","2024-12-15 (7경기)"
"엄보리","임조이","Z","1","lose","2026-03-17","2026-02-03 (1경기)"
"시녕뭉","소주양","T","라데온","lose","2026-03-17","2026-02-03 (3경기)"
"몽순","링고","P","녹아웃","win","2026-03-17","2026-02-03 (5경기)"
"임조이","연블비","Z","0","win","2026-03-17","2026-01-30 (1경기)"
"연블비","임조이","Z","네오실피드","lose","2026-03-17","2026-01-30 (1경기)"
"진땅콩","다라츄","Z","라데온","win","2026-03-17","2026-01-30 (4경기)"
"흑설","먼진","Z","네오실피드","lose","2026-03-17","2026-01-30 (5경기)"
"밍가","김설","Z","폴리포이드","lose","2026-03-17","2026-01-29 (1경기)"
"박듀듀","나예리","T","폴리포이드","win","2026-03-17","2026-01-29 (3경기)"
"헤요이","김말랑","T","라데온","lose","2026-03-17","2026-01-29 (6경기)"
"최세상","나린","Z","2","lose","2026-03-17","2026-01-28 (1경기)"
"오리꿍","은서","P","3","win","2026-03-17","2026-01-21 (1경기)"
"은서","오리꿍","Z","폴리포이드","lose","2026-03-17","2026-01-21 (1경기)"
"민찬기","이예준","Z","폴리포이드","lose","2026-03-17","2026-01-21 (3경기)"
"히댕","선정은","T","라데온","win","2026-03-17","2026-01-21 (5경기)"
"단비송","퀸주","Z","폴리포이드","lose","2026-03-17","2026-01-10 (1경기)"
"최도랑","찌킹","Z","라데온","lose","2026-03-17","2026-01-10 (2경기)"
"박현재","전제민","P","라데온","lose","2026-03-17","2026-01-10 (5경기)"
"고요","정연이","P","폴리포이드","win","2026-03-17","2026-01-03 (1경기)"
"냥냥코기","아링","P","폴리포이드","lose","2026-03-17","2026-01-03 (3경기)"
"권혁찬","박성준","Z","폴리포이드","lose","2026-03-17","2026-01-03 (4경기)"
"박성준","권혁찬","Z","라데온","lose","2026-03-17","2026-01-03 (8경기)"
"박성준","박종승","P","3","lose","2026-03-17","2025-12-01 (1경기)"
"정소윤","토스봇","P","라데온","win","2026-03-17","2025-12-01 (2경기)"
"진영화","김영진","T","리트머스","win","2026-03-17","2025-12-01 (4경기)"
"선정은","비재희","Z","폴리포이드","lose","2026-03-17","2026-03-08 (4경기)"
"오하얀","단양","Z","녹아웃","win","2026-03-17","2026-03-08 (5경기)"
"은서","키모야","T","라데온","win","2026-03-17","2026-03-08 (7경기)"
"박상현","치리","Z","3","lose","2026-03-17","2026-03-08 (1경기)"
"햇살","공다츠","Z","폴리포이드","win","2026-03-17","2026-03-08 (3경기)"
"파찌","토마토","P","라데온","lose","2026-03-17","2026-03-08 (4경기)"
"밍가","임조이","Z","녹아웃","win","2026-03-17","2026-03-08 (6경기)"
"주하랑","깨림이","T","네오실피드","win","2026-03-17","2026-03-08 (8경기)"
"유이","예실","P","라데온","lose","2026-03-17","2026-03-04 (2경기)"
"슬아","키링","P","라데온","lose","2026-03-17","2026-03-04 (3경기)"
"하리보나","막내현진","P","폴리포이드","lose","2026-03-17","2026-03-04 (5경기)"
"퀸주","지아송","P","폴리포이드","lose","2026-03-17","2026-03-04 (7경기)"
"지아송","퀸주","Z","폴리포이드","lose","2026-03-17","2026-03-04 (9경기)"
"면추가","은서","P","녹아웃","lose","2026-03-17","2026-03-03 (1경기)"
"오하얀","최세상","T","폴리포이드","lose","2026-03-17","2026-03-03 (2경기)"
"하리","소심","T","폴리포이드","lose","2026-03-17","2026-03-03 (4경기)"
"키모야","면추가","Z","녹아웃","lose","2026-03-17","2026-02-26 (1경기)"
"진유성","모리","T","네오실피드","win","2026-03-17","2026-02-24 (3경기)"
"쥬나","조은","T","녹아웃","lose","2026-03-17","2026-02-24 (4경기)"
"유이","란란","Z","폴리포이드","lose","2026-03-17","2026-02-24 (5경기)"
"디임","상어녀","Z","녹아웃","lose","2026-03-17","2026-02-24 (8경기)"
"키링","요닝","Z","라데온","lose","2026-03-17","2026-02-24 (9경기)"
"퀸주","다예나","P","네오실피드","lose","2026-03-17","2026-02-13 (1경기)"
"박하악","진유성","P","네오실피드","win","2026-03-17","2026-02-13 (3경기)"
"정서린","막내현진","P","폴리포이드","win","2026-03-17","2026-02-13 (6경기)"
"조은","최도랑","P","0","lose","2026-03-17","2026-02-09 (1경기)"
"민찬기","박준영","P","네오실피드","lose","2026-03-17","2026-02-09 (2경기)"
"막내현진","면추가","Z","폴리포이드","win","2026-03-17","2026-02-09 (4경기)"
"팥순","으냉이","T","2","lose","2026-03-17","2025-11-02 (1경기)"
"팥순","으냉이","T","녹아웃","lose","2026-03-17","2025-11-02 (1경기)"
"하블리","또봉순","Z","2","win","2026-03-17","2026-02-07 (1경기)"
"또봉순","하블리","Z","라데온","lose","2026-03-17","2026-02-07 (1경기)"
"모비","삼교","Z","네오실피드","win","2026-03-17","2026-02-07 (5경기)"
"돌애정","단이","Z","라데온","win","2026-03-17","2026-02-07 (6경기)"
"태영","최호선","T","3","win","2026-03-17","2025-10-28 (1경기)"
"최호선","이재호","T","폴스타","win","2026-03-17","2025-10-28 (1경기)"
"뷰러","빵미유","Z","녹아웃","win","2026-03-17","2025-10-28 (2경기)"
"금선","라운이","P","녹아웃","win","2026-03-17","2025-10-28 (3경기)"
"핑핑","비타밍","T","라데온","lose","2026-03-17","2025-10-28 (4경기)"
"박듀듀","기나","P","리트머스","win","2026-03-17","2025-10-28 (6경기)"
"퀸주","면추가","Z","폴리포이드","lose","2026-03-17","2025-10-19 (1경기)"
"쥬나","하리","P","리트머스","win","2026-03-17","2025-10-19 (2경기)"
"파찌","카히리","Z","리트머스","win","2026-03-17","2025-10-19 (4경기)"
"비재희","진유성","P","녹아웃","lose","2026-03-17","2025-10-19 (6경기)"
"박태민","송현덕","P","폴스타","win","2026-03-17","2025-10-16 (2경기)"
"박지호","허유진","Z","라데온","win","2026-03-17","2025-10-16 (3경기)"
"김성제","김상수","T","메트로폴리스","lose","2026-03-17","2025-10-16 (4경기)"
"김범수","배성흠","Z","라데온","lose","2026-03-17","2025-10-16 (5경기)"
"구보라","다예","Z","폴리포이드","lose","2026-03-17","2025-10-08 (2경기)"
"파찌","시조새","P","라데온","win","2026-03-17","2025-10-08 (4경기)"
"파찌","시조새","P","뷰","win","2026-03-17","2025-10-08 (6경기)"
"핑핑","하루묭","P","폴리포이드","lose","2026-03-17","2025-10-08 (7경기)"
"단양","유이","T","폴리포이드","lose","2026-03-17","2025-10-08 (1경기)"
"민찬기","김건욱","Z","라데온","win","2026-03-17","2025-10-08 (2경기)"
"하리","최도랑","P","라데온","lose","2026-03-17","2025-10-08 (4경기)"
"최도랑","하리","P","라데온","win","2026-03-17","2025-10-08 (4경기)"
"박하악","백갑숙","P","폴리포이드","win","2026-03-17","2025-10-08 (7경기)"
"김채이","수핸","Z","1","win","2026-03-17","2025-10-02 (1경기)"
"김채이","수핸","Z","라데온","win","2026-03-17","2025-10-02 (1경기)"
"하리","공다츠","Z","라데온","win","2026-03-17","2025-10-02 (2경기)"
"강덕구","오하얀","P","폴리포이드","lose","2026-03-17","2025-10-02 (4경기)"
"이아깽","슈슈","Z","1","win","2026-03-17","2025-10-01 (1경기)"
"히엉","기나","P","라데온","lose","2026-03-17","2025-10-01 (2경기)"
"김말랑","요시","P","폴리포이드","win","2026-03-17","2025-10-01 (3경기)"
"빵미유","메옹","T","라데온","lose","2026-03-17","2025-10-01 (5경기)"
"꼬니부깅","예슬","P","2","win","2026-03-17","2025-09-28 (1경기)"
"박재혁","유승곤","T","판테온","win","2026-03-17","2024-12-20 (1경기)"
"정영재","김윤중","P","도미네이터","win","2026-03-17","2025-09-28 (1경기)"
"규리야","몽순","Z","폴리포이드","win","2026-03-17","2025-09-28 (3경기)"
"몽순","규리야","T","폴리포이드","lose","2026-03-17","2025-09-28 (3경기)"
"내가먼지","백갑숙","P","라데온","win","2026-03-17","2025-09-28 (5경기)"
"몽순","규리야","T","라데온","win","2026-03-17","2025-09-28 (6경기)"
"김말랑","쟈닌","Z","뷰","lose","2026-03-17","2025-09-28 (1경기)"
"하블리","우힝이","T","라데온","lose","2026-03-17","2025-09-28 (2경기)"
"링가","뿌하","P","폴리포이드","win","2026-03-17","2025-09-28 (4경기)"
"예슬","최세상","T","뷰","lose","2026-03-17","2025-09-28 (5경기)"
"임진묵","이창우","Z","라데온","win","2026-03-17","2025-09-27 (1경기)"
"어윤수","강민기","P","폴스타","win","2026-03-17","2025-09-27 (2경기)"
"애공","카리스","T","라데온","win","2026-03-17","2025-09-20 (8경기)"
"박듀듀","상어녀","Z","폴리포이드","win","2026-03-17","2025-11-06 (6경기)"
"으냉이","귀요민정","Z","0","win","2026-03-17","2025-09-14 (1경기)"
"귀요민정","으냉이","T","뷰","lose","2026-03-17","2025-09-14 (1경기)"
"하랑","서윤","Z","폴리포이드","win","2026-03-17","2025-09-14 (3경기)"
"김무아","박하악","Z","라데온","lose","2026-03-17","2025-09-14 (4경기)"
"장민철","서문지훈","Z","폴스타","win","2026-03-17","2025-09-12 (2경기)"
"민찬기","김민우","P","폴스타","win","2026-03-17","2025-09-12 (3경기)"
"박단원","정소윤","Z","라데온","win","2026-03-17","2025-09-12 (5경기)"
"먹체토","오하얀","P","4","lose","2026-03-17","2025-09-11 (1경기)"
"깨림이","오하얀","P","폴리포이드","lose","2026-03-17","2025-09-11 (3경기)"
"아라미","설둥이","P","폴리포이드","win","2026-03-17","2025-09-11 (4경기)"
"아라미","설둥이","P","뷰","win","2026-03-17","2025-09-11 (6경기)"
"수니양","2라니","Z","폴리포이드","win","2026-03-17","2025-11-10 (5경기)"
"엄보리","오리꿍","Z","리트머스","lose","2026-03-17","2025-11-10 (7경기)"
"남수댕","비재희","Z","폴리포이드","win","2026-03-17","2025-11-10 (9경기)"
"구키","김말랑","T","라데온","win","2026-03-17","2025-11-09 (1경기)"
"메옹","제티","P","라데온","lose","2026-03-17","2025-11-09 (2경기)"
"김설","이아깽","T","녹아웃","win","2026-03-17","2025-11-09 (6경기)"
"핑핑","밥새","T","3","win","2026-03-17","2025-09-07 (1경기)"
"강민기","민찬기","T","뷰","win","2026-03-17","2025-09-07 (2경기)"
"최호선","김윤중","P","라데온","win","2026-03-17","2025-09-07 (3경기)"
"여운","치쨩","Z","폴리포이드","win","2026-03-17","2025-09-07 (5경기)"
"핑핑","밥새","T","라데온","lose","2026-03-17","2025-09-07 (7경기)"
"다뉴","한쪼니","P","녹아웃","win","2026-03-17","2025-10-28 (5경기)"
"박하악","뿌하","P","리트머스","win","2026-03-17","2025-10-28 (6경기)"
"이아깽","히댕","Z","녹아웃","win","2026-03-17","2025-10-27 (1경기)"
"남수댕","링가","T","라데온","lose","2026-03-17","2025-10-27 (2경기)"
"오리꿍","메옹","T","폴리포이드","lose","2026-03-17","2025-10-27 (4경기)"
"김말랑","우마루대장","Z","폴리포이드","lose","2026-03-17","2025-10-27 (6경기)"
"이영한","김재현","T","메트로폴리스","lose","2026-03-17","2025-10-19 (7경기)"
"구쁘","모비","P","라데온","lose","2026-03-17","2025-10-19 (8경기)"
"박준혁","김건욱","Z","메트로폴리스","lose","2026-03-17","2025-10-16 (6경기)"
"최호선","송병구","P","라데온","lose","2026-03-17","2025-10-08 (9경기)"
"치리","하두링","P","폴리포이드","win","2026-03-17","2025-10-02 (3경기)"
"예슬","옆집뽀누나","T","뷰","win","2026-03-17","2025-09-03 (1경기)"
"쌍디","태린","P","뷰","lose","2026-03-17","2025-09-03 (3경기)"
"지방시","김설","Z","폴리포이드","lose","2026-03-17","2025-09-03 (4경기)"
"하리","슬아","Z","라데온","win","2026-03-17","2025-09-01 (1경기)"
"팽유","모비","P","폴리포이드","win","2026-03-17","2025-09-01 (2경기)"
"윤용태","김윤환","Z","폴스타","lose","2026-03-17","2025-08-27 (1경기)"
"지동원","박재혁","Z","폴스타","win","2026-03-17","2025-08-27 (2경기)"
"김윤중","임홍규","Z","라데온","win","2026-03-17","2025-08-27 (5경기)"
"밥새","또해영","Z","라데온","win","2026-03-17","2025-08-19 (1경기)"
"비타밍","하루묭","P","라데온","lose","2026-03-17","2025-08-19 (2경기)"
"쟈닌","빵지니","T","뷰","win","2026-03-17","2025-08-19 (4경기)"
"사사삼","하루묭","P","뷰","win","2026-03-17","2025-08-19 (6경기)"
"김지성","송병구","P","0","win","2026-03-17","2025-08-12 (1경기)"
"윤찬희","임홍규","Z","메트로폴리스","win","2026-03-17","2025-08-12 (2경기)"
"염보성","김경모","Z","뷰","lose","2026-03-17","2025-08-12 (3경기)"
"조기석","김정우","Z","3","win","2026-03-17","2025-08-12 (1경기)"
"김정우","조기석","T","도미네이터","lose","2026-03-17","2025-08-12 (1경기)"
"지동원","이창우","Z","폴리포이드","win","2026-03-17","2025-08-12 (2경기)"
"김기덕","이경민","P","메트로폴리스","win","2026-03-17","2025-08-12 (4경기)"
"모리","2라니","Z","라데온","win","2026-03-17","2025-10-02 (5경기)"
"조은","두디","Z","뷰","lose","2026-03-17","2025-10-02 (6경기)"
"남수댕","임조이","Z","폴리포이드","win","2026-03-17","2025-10-02 (7경기)"
"임조이","남수댕","P","폴리포이드","lose","2026-03-17","2025-10-02 (7경기)"
"막내현진","오리꿍","Z","폴리포이드","lose","2026-03-17","2025-10-02 (9경기)"
"꼬니부깅","예슬","P","뷰","win","2026-03-17","2025-09-28 (1경기)"
"김설","뿌하","P","폴리포이드","win","2026-03-17","2025-09-28 (2경기)"
"뿌하","김설","Z","폴리포이드","lose","2026-03-17","2025-09-28 (2경기)"
"박하악","내가먼지","T","라데온","win","2026-03-17","2025-02-26 (4경기)"
"뚜미","구보라","P","뷰","lose","2026-03-17","2025-09-28 (4경기)"
"구루미","태영","T","폴리포이드","win","2026-03-17","2025-02-26 (3경기)"
"구키","쟈닌","Z","폴리포이드","win","2026-03-17","2025-09-28 (5경기)"
"주하랑","팥순","P","라데온","win","2026-03-17","2025-02-26 (7경기)"
"엄보리","2라니","Z","폴리포이드","win","2026-03-17","2024-12-15 (6경기)"
"배병우","장민철","P","라데온","win","2026-03-17","2024-12-15 (7경기)"
"장민철","배병우","Z","라데온","lose","2026-03-17","2024-12-15 (7경기)"
"늑대채린","무찌","T","라데온","lose","2026-03-17","2025-02-26 (6경기)"
"정소이","링고","P","도미네이터","win","2026-03-17","2024-12-15 (9경기)"
"수니양","사사삼","P","폴리포이드","win","2026-03-17","2025-02-19 (8경기)"
"사사삼","수니양","T","폴리포이드","lose","2026-03-17","2025-02-19 (8경기)"
"김봄비","은서","P","폴리포이드","lose","2026-03-17","2025-02-19 (4경기)"
"메옹","따뜻","P","라데온","win","2026-03-17","2025-02-19 (5경기)"
"메옹","따뜻","P","폴리포이드","lose","2026-03-17","2025-02-18 (1경기)"
"서윤","유이","T","폴리포이드","win","2026-03-17","2025-02-18 (2경기)"
"진유성","2라니","Z","폴리포이드","lose","2026-03-17","2025-02-18 (3경기)"
"효짱","백갑숙","P","라데온","lose","2026-03-17","2025-02-18 (4경기)"
"혜로로","다나짱","P","1","win","2026-03-17","2024-11-30 (1경기)"
"다나짱","혜로로","Z","1","lose","2026-03-17","2024-11-30 (1경기)"
"공다츠","뚜미","T","라데온","win","2026-03-17","2024-11-30 (3경기)"
"뚜미","공다츠","Z","라데온","lose","2026-03-17","2024-11-30 (3경기)"
"팥순","연수","T","폴리포이드","win","2026-03-17","2024-11-30 (4경기)"
"귀요민정","밍가","P","도미네이터","win","2026-03-17","2024-11-30 (5경기)"
"변현제","이재호","T","1","lose","2026-03-17","2024-11-30 (1경기)"
"이재호","변현제","P","판테온","win","2026-03-17","2024-11-30 (1경기)"
"이아깽","김설","Z","라데온","win","2026-03-17","2025-02-18 (5경기)"
"김설","이아깽","T","라데온","lose","2026-03-17","2025-02-18 (5경기)"
"박하악","짱다","P","폴리포이드","lose","2026-03-17","2025-02-16 (5경기)"
"짱다","박하악","Z","폴리포이드","win","2026-03-17","2025-02-16 (5경기)"
"허지율","빵지니","T","폴리포이드","lose","2026-03-17","2025-02-16 (6경기)"
"히요코","오리꿍","Z","라데온","lose","2026-03-17","2025-02-16 (7경기)"
"하이현","규리야","T","2","lose","2026-03-17","2025-02-09 (1경기)"
"사사삼","하이현","T","폴리포이드","lose","2026-03-17","2025-02-09 (1경기)"
"이루리","미니언","Z","라데온","lose","2026-03-17","2025-02-09 (2경기)"
"미니언","이루리","P","라데온","win","2026-03-17","2025-02-09 (2경기)"
"링고","연애인","P","라데온","lose","2026-03-17","2024-11-27 (2경기)"
"수니양","2라니","Z","폴리포이드","lose","2026-03-17","2024-11-27 (3경기)"
"진유성","남수댕","P","뷰","win","2026-03-17","2024-11-27 (4경기)"
"남수댕","진유성","P","뷰","lose","2026-03-17","2024-11-27 (4경기)"
"밍도릿","려원님","T","폴리포이드","lose","2026-03-17","2025-02-07 (4경기)"
"카히리","김뽀뇨","P","라데온","win","2026-03-17","2025-02-07 (5경기)"
"하랑","배병우","Z","4","lose","2026-03-17","2024-12-15 (1경기)"
"윤수철","김경모","Z","폴스타","lose","2026-03-17","2025-02-07 (6경기)"
"수니양","또해영","Z","라데온","win","2026-03-17","2025-02-07 (8경기)"
"또해영","수니양","T","라데온","lose","2026-03-17","2025-02-07 (8경기)"
"나예리","이유란","Z","라데온","lose","2026-03-17","2024-12-08 (3경기)"
"또루시","하랑","P","폴리포이드","lose","2026-03-17","2024-12-15 (1경기)"
"하랑","또루시","T","폴리포이드","win","2026-03-17","2024-12-15 (1경기)"
"장민철","배병우","Z","뷰","lose","2026-03-17","2024-12-15 (2경기)"
"배병우","장민철","P","뷰","win","2026-03-17","2024-12-15 (2경기)"
"구보라","빵리나","P","뷰","win","2026-03-17","2024-12-08 (5경기)"
"엘퀸","히요코","P","투혼","win","2026-03-17","2024-12-15 (3경기)"
"귀요민정","소주양","T","라데온","lose","2026-03-17","2025-02-23 (3경기)"
"조기석","김성대","Z","민스트럴","lose","2026-03-17","2024-12-08 (8경기)"
"김성대","조기석","T","민스트럴","win","2026-03-17","2024-12-08 (8경기)"
"또봉순","세나","Z","도미네이터","win","2026-03-17","2024-12-08 (4경기)"
"디임","방실이","Z","라데온","win","2026-03-17","2024-12-08 (5경기)"
"모리","진유성","P","뷰","win","2026-03-17","2024-12-08 (6경기)"
"진유성","모리","T","뷰","lose","2026-03-17","2024-12-08 (6경기)"
"최재성","김동민","Z","버미어","win","2026-03-17","2024-10-16 (8경기)"
"구루미","주서리","P","폴리포이드","lose","2026-03-17","2024-10-16 (10경기)"
"김동민","최재성","T","폴리포이드","win","2026-03-17","2024-10-16 (11경기)"
"최재성","김동민","Z","폴리포이드","lose","2026-03-17","2024-10-16 (11경기)"
"구보라","우리밍","T","라데온","win","2026-03-17","2024-11-20 (1경기)"
"우리밍","구보라","P","라데온","lose","2026-03-17","2024-11-20 (1경기)"
"은똥","나예리","T","도미네이터","lose","2026-03-17","2024-11-20 (2경기)"
"나린","예슬","P","폴리포이드","win","2026-03-17","2024-11-20 (3경기)"
"예슬","나린","Z","라데온","lose","2026-03-17","2024-11-20 (6경기)"
"나예리","은똥","P","도미네이터","lose","2026-03-17","2024-11-20 (7경기)"
"구보라","우리밍","T","뷰","win","2026-03-17","2024-11-20 (8경기)"
"우리밍","구보라","P","뷰","lose","2026-03-17","2024-11-20 (8경기)"
"백갑숙","빵미유","Z","폴리포이드","lose","2026-03-17","2024-11-20 (1경기)"
"빵미유","백갑숙","P","폴리포이드","win","2026-03-17","2024-11-20 (1경기)"
"성예량","라미","Z","뷰","win","2026-03-17","2024-11-20 (2경기)"
"안녕하세연두","슬아","Z","도미네이터","win","2026-03-17","2024-11-20 (3경기)"
"키링","이아깽","T","라데온","win","2026-03-17","2025-04-02 (2경기)"
"구루미","임밍지","P","뷰","win","2026-03-17","2025-04-02 (3경기)"
"시녕뭉","키링","P","라데온","lose","2026-03-17","2024-11-20 (5경기)"
"임밍지","너부리","T","폴리포이드","win","2026-03-17","2024-11-20 (6경기)"
"슈슈","조현","T","도미네이터","lose","2026-03-17","2024-11-20 (7경기)"
"나예리","빵리나","P","4","win","2026-03-17","2024-11-17 (1경기)"
"나예리","빵리나","P","폴리포이드","win","2026-03-17","2024-11-17 (1경기)"
"빵리나","나예리","T","폴리포이드","lose","2026-03-17","2024-11-17 (1경기)"
"야리","모꿀몬","T","도미네이터","win","2026-03-17","2024-11-17 (4경기)"
"모꿀몬","야리","Z","도미네이터","lose","2026-03-17","2024-11-17 (4경기)"
"김민철","김지성","T","백","win","2026-03-17","2024-11-17 (5경기)"
"구보라","림예이","Z","라데온","lose","2026-03-17","2024-11-17 (6경기)"
"2라니","비타밍","T","라데온","win","2026-03-17","2024-11-17 (7경기)"
"설둥이","링고","P","폴리포이드","win","2026-03-17","2024-11-17 (8경기)"
"김지성","김민철","Z","라데온","win","2026-03-17","2024-11-17 (9경기)"
"김민철","김지성","T","라데온","lose","2026-03-17","2024-11-17 (9경기)"
"정소이","링고","P","도미네이터","lose","2026-03-17","2024-12-15 (4경기)"
"정경두","서문지훈","Z","민스트럴","lose","2026-03-17","2024-11-10 (1경기)"
"송호영","정소윤","Z","폴리포이드","lose","2026-03-17","2024-11-10 (2경기)"
"공다츠","깨림이","T","6","win","2026-03-17","2024-11-08 (1경기)"
"히요코","엘퀸","T","투혼","lose","2026-03-17","2024-12-15 (3경기)"
"깨림이","뿌리","P","버미어","win","2026-03-17","2024-11-08 (1경기)"
"두디","공다츠","Z","라데온","lose","2026-03-17","2024-11-08 (2경기)"
"아라미","나예리","T","버미어","lose","2026-03-17","2024-11-08 (3경기)"
"시조새","깨림이","T","버미어","win","2026-03-17","2024-11-08 (6경기)"
"깨림이","시조새","P","버미어","lose","2026-03-17","2024-11-08 (6경기)"
"뚜비","하랑","P","3","win","2026-03-17","2024-11-05 (1경기)"
"링고","정소이","Z","도미네이터","win","2026-03-17","2024-12-15 (4경기)"
"정윤종","유영진","T","0","win","2026-03-17","2024-11-03 (1경기)"
"유영진","정윤종","P","0","lose","2026-03-17","2024-11-03 (1경기)"
"유영진","정윤종","P","민스트럴","lose","2026-03-17","2024-11-03 (1경기)"
"윤찬희","김윤중","P","백","win","2026-03-17","2024-11-03 (2경기)"
"이경민","박재혁","Z","도미네이터","win","2026-03-17","2024-11-03 (4경기)"
"박재혁","이경민","P","도미네이터","lose","2026-03-17","2024-11-03 (4경기)"
"하블리","애공","P","라데온","lose","2026-03-17","2024-12-15 (5경기)"
"지동원","김윤환","Z","뷰","lose","2026-03-17","2024-11-03 (5경기)"
"또봉순","혜로로","Z","폴리포이드","lose","2026-03-17","2024-10-27 (1경기)"
"혜로로","또봉순","Z","폴리포이드","win","2026-03-17","2024-10-27 (1경기)"
"햇살","설둥이","P","폴리포이드","lose","2026-03-17","2024-10-27 (2경기)"
"김채이","귀요민정","Z","폴리포이드","lose","2026-03-17","2024-10-27 (3경기)"
"카히리","야리","Z","라데온","win","2026-03-17","2024-10-27 (5경기)"
"김지성","조일장","Z","민스트럴","win","2026-03-17","2024-10-27 (6경기)"
"비타밍","먼진","Z","버미어","lose","2026-03-17","2024-10-27 (7경기)"
"먼진","비타밍","T","버미어","win","2026-03-17","2024-10-27 (7경기)"
"엘퀸","또해영","Z","투혼","lose","2026-03-17","2025-01-12 (5경기)"
"또해영","엘퀸","T","투혼","win","2026-03-17","2025-01-12 (5경기)"
"디임","하리","P","3","lose","2026-03-17","2024-10-26 (1경기)"
"지두두","디임","P","버미어","lose","2026-03-17","2024-10-26 (1경기)"
"뷰러","임조이","Z","폴리포이드","win","2026-03-17","2024-10-26 (3경기)"
"임조이","뷰러","P","폴리포이드","lose","2026-03-17","2024-10-26 (3경기)"
"모리","이아깽","T","폴리포이드","lose","2026-03-17","2024-10-26 (4경기)"
"으냉이","치리","Z","라데온","lose","2026-03-17","2024-10-26 (5경기)"
"졈니","조은","T","버미어","lose","2026-03-17","2024-10-26 (6경기)"
"조은","졈니","P","버미어","lose","2026-03-17","2024-10-26 (7경기)"
"으냉이","치리","Z","라데온","win","2026-03-17","2024-10-26 (8경기)"
"치리","으냉이","T","라데온","lose","2026-03-17","2024-10-26 (8경기)"
"이루리","히댕","Z","버미어","lose","2026-03-17","2024-10-22 (3경기)"
"예슬","연블비","Z","라데온","lose","2026-03-17","2024-10-22 (4경기)"
"얌쭈","진유성","P","5","win","2026-03-17","2024-10-21 (1경기)"
"진유성","얌쭈","Z","5","lose","2026-03-17","2024-10-21 (1경기)"
"엄보리","강주덕","P","투혼","win","2026-03-17","2024-10-21 (2경기)"
"강주덕","엄보리","P","투혼","lose","2026-03-17","2024-10-21 (2경기)"
"비타밍","예빈","Z","폴리포이드","win","2026-03-17","2024-10-21 (3경기)"
"유영진","송병구","P","뷰","win","2026-03-17","2024-10-21 (4경기)"
"럭뜨","슬돌이","P","버미어","lose","2026-03-17","2024-10-20 (1경기)"
"소주양","비재희","Z","폴리포이드","lose","2026-03-17","2024-10-20 (2경기)"
"내가먼지","엄보리","P","라데온","win","2026-03-17","2024-10-20 (3경기)"
"엄보리","내가먼지","T","라데온","lose","2026-03-17","2024-10-20 (3경기)"
"남덕선","혜로로","Z","폴리포이드","lose","2026-03-17","2025-02-23 (7경기)"
"연다람지","하블리","Z","폴리포이드","win","2026-03-17","2024-10-20 (5경기)"
"규리야","정소이","Z","버미어","lose","2026-03-17","2024-10-20 (6경기)"
"정소이","규리야","T","버미어","win","2026-03-17","2024-10-20 (6경기)"
"찌킹","강새이","P","폴리포이드","win","2026-03-17","2024-10-20 (9경기)"
"강새이","찌킹","Z","폴리포이드","lose","2026-03-17","2024-10-20 (9경기)"
"원선재","전태양","T","0","lose","2026-03-17","2024-10-20 (1경기)"
"전태양","원선재","P","민스트럴","win","2026-03-17","2024-10-20 (1경기)"
"귀요민정","짱다","P","라데온","lose","2026-03-17","2024-10-20 (2경기)"
"빵리나","공다츠","Z","라데온","win","2026-03-17","2024-10-20 (3경기)"
"링고","두디","Z","버미어","win","2026-03-17","2024-10-20 (4경기)"
"이아깽","키링","P","라데온","lose","2026-03-17","2025-04-02 (2경기)"
"진유성","으냉이","T","도미네이터","win","2026-03-17","2024-12-22 (4경기)"
"으냉이","진유성","P","도미네이터","lose","2026-03-17","2024-12-22 (4경기)"
"아라미","규리야","T","폴리포이드","win","2026-03-17","2024-12-22 (5경기)"
"쥬나","시조새","P","도미네이터","win","2026-03-17","2024-12-22 (6경기)"
"구성훈","이예훈","Z","판테온","lose","2026-03-17","2024-12-22 (7경기)"
"송병구","이재호","T","라데온","lose","2026-03-17","2024-12-20 (9경기)"
"신상문","이예훈","Z","민스트럴","lose","2026-03-17","2024-12-20 (10경기)"
"도재욱","김명운","Z","도미네이터","lose","2026-03-17","2024-12-20 (11경기)"
"도재욱","김명운","Z","판테온","lose","2026-03-17","2024-12-20 (14경기)"
"김명운","도재욱","P","판테온","win","2026-03-17","2024-12-20 (14경기)"
"야리","카히리","Z","뷰","lose","2026-03-17","2024-12-19 (4경기)"
"나예리","공다츠","Z","도미네이터","win","2026-03-17","2024-12-19 (5경기)"
"귀요민정","김채이","P","도미네이터","lose","2026-03-17","2024-12-19 (6경기)"
"비타밍","먼진","Z","라데온","win","2026-03-17","2024-12-19 (7경기)"
"조은","공다츠","Z","폴리포이드","lose","2026-03-17","2025-02-23 (5경기)"
"토마토","늑대채린","Z","도미네이터","win","2026-03-17","2024-12-15 (1경기)"
"모리","갓지니","P","도미네이터","lose","2026-03-17","2024-12-15 (3경기)"
"갓지니","모리","T","도미네이터","win","2026-03-17","2024-12-15 (3경기)"
"슬돌이","디임","P","폴리포이드","lose","2026-03-17","2024-12-15 (4경기)"
"임조이","내가먼지","T","라데온","win","2026-03-17","2024-12-15 (5경기)"
"김뽀뇨","앵지","Z","뷰","win","2026-03-17","2024-12-15 (6경기)"
"치리","밍도릿","Z","뷰","win","2026-03-17","2024-12-15 (7경기)"
"애공","하블리","Z","라데온","win","2026-03-17","2024-12-15 (5경기)"
"임조이","엄보리","P","1","win","2026-03-17","2026-02-03 (1경기)"
"카히리","다나짱","P","폴리포이드","win","2026-03-17","2026-02-03 (2경기)"
"소주양","시녕뭉","Z","라데온","win","2026-03-17","2026-02-03 (3경기)"
"삼교","마예준","P","폴리포이드","win","2026-03-17","2026-02-03 (4경기)"
"마예준","삼교","Z","폴리포이드","lose","2026-03-17","2026-02-03 (4경기)"
"공다츠","하리","P","네오실피드","win","2026-03-17","2026-02-03 (6경기)"
"하리","공다츠","Z","네오실피드","lose","2026-03-17","2026-02-03 (6경기)"
"연블비","임조이","Z","0","lose","2026-03-17","2026-01-30 (1경기)"
"임조이","연블비","Z","네오실피드","win","2026-03-17","2026-01-30 (1경기)"
"치리","예실","P","라데온","win","2026-03-17","2026-01-30 (3경기)"
"예실","치리","Z","라데온","lose","2026-03-17","2026-01-30 (3경기)"
"다라츄","진땅콩","P","라데온","lose","2026-03-17","2026-01-30 (4경기)"
"먼진","흑설","P","네오실피드","win","2026-03-17","2026-01-30 (5경기)"
"밍가","김설","Z","2","lose","2026-03-17","2026-01-29 (1경기)"
"김설","밍가","P","폴리포이드","win","2026-03-17","2026-01-29 (1경기)"
"다뉴","핑핑","Z","녹아웃","lose","2026-03-17","2026-01-29 (2경기)"
"핑핑","다뉴","Z","녹아웃","win","2026-03-17","2026-01-29 (2경기)"
"으냉이","남수댕","P","뷰","lose","2026-03-17","2025-02-23 (6경기)"
"김말랑","헤요이","P","라데온","win","2026-03-17","2026-01-29 (6경기)"
"아리송이","행복짱","Z","녹아웃","win","2026-03-17","2026-01-29 (7경기)"
"나린","최세상","T","2","win","2026-03-17","2026-01-28 (1경기)"
"최세상","나린","Z","라데온","lose","2026-03-17","2026-01-28 (1경기)"
"라미","하리","P","폴리포이드","lose","2026-03-17","2026-01-28 (2경기)"
"은서","오리꿍","Z","3","lose","2026-03-17","2026-01-21 (1경기)"
"오리꿍","은서","P","폴리포이드","win","2026-03-17","2026-01-21 (1경기)"
"이예준","민찬기","T","폴리포이드","win","2026-03-17","2026-01-21 (3경기)"
"혜로로","남덕선","Z","폴리포이드","win","2026-03-17","2025-02-23 (7경기)"
"요닝","빵리나","P","녹아웃","lose","2026-03-17","2026-01-21 (4경기)"
"빵리나","요닝","Z","녹아웃","win","2026-03-17","2026-01-21 (4경기)"
"찌킹","퀸주","Z","3","win","2026-03-17","2026-01-10 (1경기)"
"퀸주","찌킹","Z","3","lose","2026-03-17","2026-01-10 (1경기)"
"퀸주","단비송","T","폴리포이드","win","2026-03-17","2026-01-10 (1경기)"
"찌킹","최도랑","P","라데온","win","2026-03-17","2026-01-10 (2경기)"
"유이","오하얀","P","녹아웃","win","2026-03-17","2026-01-10 (4경기)"
"전제민","박현재","T","라데온","win","2026-03-17","2026-01-10 (5경기)"
"고요","정연이","P","4","win","2026-03-17","2026-01-03 (1경기)"
"정연이","고요","Z","4","lose","2026-03-17","2026-01-03 (1경기)"
"연애인","슬아","Z","폴리포이드","win","2026-03-17","2026-01-03 (2경기)"
"슬아","연애인","P","폴리포이드","lose","2026-03-17","2026-01-03 (2경기)"
"아링","냥냥코기","Z","폴리포이드","win","2026-03-17","2026-01-03 (3경기)"
"박성준","권혁찬","Z","폴리포이드","win","2026-03-17","2026-01-03 (4경기)"
"와이퍼","지아송","P","폴리포이드","win","2026-03-17","2026-01-03 (6경기)"
"지아송","와이퍼","P","폴리포이드","lose","2026-03-17","2026-01-03 (6경기)"
"권혁찬","박성준","Z","라데온","win","2026-03-17","2026-01-03 (8경기)"
"박종승","박성준","Z","3","win","2026-03-17","2025-12-01 (1경기)"
"박성준","박종승","P","라데온","lose","2026-03-17","2025-12-01 (1경기)"
"토스봇","정소윤","Z","라데온","lose","2026-03-17","2025-12-01 (2경기)"
"이영한","윤수철","P","녹아웃","lose","2026-03-17","2025-12-01 (3경기)"
"윤수철","이영한","Z","녹아웃","win","2026-03-17","2025-12-01 (3경기)"
"은서","키모야","T","폴리포이드","win","2026-03-17","2026-03-08 (3경기)"
"키모야","은서","P","폴리포이드","lose","2026-03-17","2026-03-08 (3경기)"
"남수댕","으냉이","T","뷰","win","2026-03-17","2025-02-23 (6경기)"
"비재희","선정은","T","폴리포이드","win","2026-03-17","2026-03-08 (4경기)"
"오하얀","단양","Z","네오실피드","win","2026-03-17","2026-03-08 (6경기)"
"단양","오하얀","P","네오실피드","lose","2026-03-17","2026-03-08 (6경기)"
"키모야","은서","P","라데온","lose","2026-03-17","2026-03-08 (7경기)"
"치리","박상현","Z","3","win","2026-03-17","2026-03-08 (1경기)"
"치리","주서리","P","라데온","win","2026-03-17","2026-03-08 (2경기)"
"주서리","치리","Z","라데온","lose","2026-03-17","2026-03-08 (2경기)"
"공다츠","햇살","T","폴리포이드","lose","2026-03-17","2026-03-08 (3경기)"
"토마토","파찌","Z","라데온","win","2026-03-17","2026-03-08 (4경기)"
"행복짱","진땅콩","P","폴리포이드","win","2026-03-17","2026-03-08 (5경기)"
"임조이","밍가","P","녹아웃","lose","2026-03-17","2026-03-08 (6경기)"
"먼진","핑핑","Z","녹아웃","win","2026-03-17","2026-03-08 (7경기)"
"핑핑","먼진","Z","녹아웃","lose","2026-03-17","2026-03-08 (7경기)"
"상어녀","초롱빡","P","녹아웃","win","2026-03-17","2026-03-04 (1경기)"
"초롱빡","상어녀","Z","녹아웃","lose","2026-03-17","2026-03-04 (1경기)"
"예실","유이","T","라데온","win","2026-03-17","2026-03-04 (2경기)"
"키링","슬아","Z","라데온","win","2026-03-17","2026-03-04 (3경기)"
"다라츄","뀨알","P","네오실피드","win","2026-03-17","2026-03-04 (4경기)"
"막내현진","하리보나","P","폴리포이드","win","2026-03-17","2026-03-04 (5경기)"
"냥냥코기","아링","P","녹아웃","win","2026-03-17","2026-03-04 (6경기)"
"아링","냥냥코기","Z","녹아웃","lose","2026-03-17","2026-03-04 (6경기)"
"연블비","진유성","P","네오실피드","win","2026-03-17","2026-03-04 (8경기)"
"퀸주","지아송","P","폴리포이드","win","2026-03-17","2026-03-04 (9경기)"
"최세상","은서","P","3","win","2026-03-17","2026-03-03 (1경기)"
"은서","최세상","T","3","lose","2026-03-17","2026-03-03 (1경기)"
"최도랑","규리야","T","폴리포이드","lose","2026-03-17","2025-04-02 (1경기)"
"최세상","오하얀","P","폴리포이드","win","2026-03-17","2026-03-03 (2경기)"
"이영한","원선재","P","폴스타","win","2026-03-17","2026-03-03 (3경기)"
"원선재","이영한","Z","폴스타","lose","2026-03-17","2026-03-03 (3경기)"
"키모야","면추가","Z","3","lose","2026-03-17","2026-02-26 (1경기)"
"면추가","키모야","T","녹아웃","win","2026-03-17","2026-02-26 (1경기)"
"링고","몽순","Z","녹아웃","win","2026-03-17","2026-02-26 (2경기)"
"모리","진유성","P","네오실피드","lose","2026-03-17","2026-02-24 (3경기)"
"이재호","박재혁","Z","7","win","2026-03-17","2024-12-20 (1경기)"
"빵지니","먼진","Z","폴리포이드","lose","2026-03-17","2025-03-12 (4경기)"
"아라미","강덕구","T","뷰","win","2026-03-17","2025-02-23 (2경기)"
"란란","유이","T","폴리포이드","win","2026-03-17","2026-02-24 (5경기)"
"남수댕","백갑숙","P","라데온","win","2026-03-17","2026-02-24 (7경기)"
"백갑숙","남수댕","P","라데온","lose","2026-03-17","2026-02-24 (7경기)"
"상어녀","디임","P","녹아웃","win","2026-03-17","2026-02-24 (8경기)"
"요닝","키링","P","라데온","win","2026-03-17","2026-02-24 (9경기)"
"퀸주","다예나","P","1","lose","2026-03-17","2026-02-13 (1경기)"
"다예나","퀸주","Z","네오실피드","win","2026-03-17","2026-02-13 (1경기)"
"규리야","키링","P","폴리포이드","win","2026-03-17","2026-02-13 (2경기)"
"키링","규리야","T","폴리포이드","lose","2026-03-17","2026-02-13 (2경기)"
"김뽀뇨","상어녀","Z","녹아웃","win","2026-03-17","2026-02-13 (5경기)"
"상어녀","김뽀뇨","P","녹아웃","lose","2026-03-17","2026-02-13 (5경기)"
"막내현진","정서린","P","폴리포이드","lose","2026-03-17","2026-02-13 (6경기)"
"최도랑","조은","T","0","win","2026-03-17","2026-02-09 (1경기)"
"조은","최도랑","P","네오실피드","lose","2026-03-17","2026-02-09 (1경기)"
"박준영","민찬기","T","네오실피드","win","2026-03-17","2026-02-09 (2경기)"
"김성민","신상문","T","녹아웃","win","2026-03-17","2026-02-09 (3경기)"
"신상문","김성민","P","녹아웃","lose","2026-03-17","2026-02-09 (3경기)"
"비타밍","백갑숙","P","녹아웃","lose","2026-03-17","2026-02-09 (5경기)"
"으냉이","팥순","P","2","win","2026-03-17","2025-11-02 (1경기)"
"윤찬희","이영한","Z","폴스타","win","2026-03-17","2025-03-13 (5경기)"
"으냉이","팥순","P","녹아웃","win","2026-03-17","2025-11-02 (1경기)"
"또해영","효짱","P","폴리포이드","lose","2026-03-17","2025-11-02 (2경기)"
"박하악","내가먼지","T","리트머스","lose","2026-03-17","2025-11-02 (3경기)"
"또봉순","하블리","Z","2","lose","2026-03-17","2026-02-07 (1경기)"
"하블리","또봉순","Z","라데온","win","2026-03-17","2026-02-07 (1경기)"
"백원이야","구키","P","네오실피드","lose","2026-03-17","2026-02-07 (4경기)"
"구키","백원이야","Z","네오실피드","win","2026-03-17","2026-02-07 (4경기)"
"지동원","김경모","Z","뷰","win","2026-03-17","2024-12-20 (5경기)"
"삼교","모비","P","네오실피드","lose","2026-03-17","2026-02-07 (5경기)"
"나린","단양","Z","녹아웃","win","2026-03-17","2026-02-07 (7경기)"
"단양","나린","Z","녹아웃","lose","2026-03-17","2026-02-07 (7경기)"
"최호선","태영","T","3","lose","2026-03-17","2025-10-28 (1경기)"
"이재호","최호선","T","폴스타","lose","2026-03-17","2025-10-28 (1경기)"
"허로아","다라츄","Z","리트머스","win","2026-03-17","2025-10-28 (1경기)"
"다라츄","허로아","T","리트머스","lose","2026-03-17","2025-10-28 (1경기)"
"빵미유","뷰러","Z","녹아웃","lose","2026-03-17","2025-10-28 (2경기)"
"라운이","금선","T","녹아웃","lose","2026-03-17","2025-10-28 (3경기)"
"메옹","하루묭","P","라데온","win","2026-03-17","2024-12-22 (1경기)"
"엄보리","모리","T","라데온","win","2026-03-17","2025-03-13 (4경기)"
"몽순","정소이","Z","폴리포이드","lose","2026-03-17","2025-10-28 (5경기)"
"정소이","몽순","Z","폴리포이드","win","2026-03-17","2025-10-28 (5경기)"
"하루묭","메옹","T","1","lose","2026-03-17","2024-12-22 (1경기)"
"면추가","퀸주","Z","폴리포이드","win","2026-03-17","2025-10-19 (1경기)"
"모리","엄보리","P","라데온","lose","2026-03-17","2025-03-13 (4경기)"
"하리","쥬나","Z","리트머스","lose","2026-03-17","2025-10-19 (2경기)"
"강덕구","링고","P","라데온","lose","2026-03-17","2025-10-19 (3경기)"
"카히리","파찌","Z","리트머스","lose","2026-03-17","2025-10-19 (4경기)"
"엄보리","예빈","Z","녹아웃","win","2026-03-17","2025-10-19 (5경기)"
"예빈","엄보리","P","녹아웃","lose","2026-03-17","2025-10-19 (5경기)"
"민찬기","김대한","Z","폴리포이드","win","2026-03-17","2025-10-16 (1경기)"
"김대한","민찬기","T","폴리포이드","lose","2026-03-17","2025-10-16 (1경기)"
"배병우","하랑","P","4","win","2026-03-17","2024-12-15 (1경기)"
"송현덕","박태민","Z","폴스타","lose","2026-03-17","2025-10-16 (2경기)"
"윤진","한쪼니","P","이클립스","lose","2026-03-17","2025-03-13 (3경기)"
"성예량","조은","T","이클립스","lose","2026-03-17","2025-03-15 (7경기)"
"김상수","김성제","P","메트로폴리스","win","2026-03-17","2025-10-16 (4경기)"
"배성흠","김범수","P","라데온","win","2026-03-17","2025-10-16 (5경기)"
"송병구","이재호","T","백","lose","2026-03-17","2024-12-20 (4경기)"
"정민기","윤진규","Z","뷰","win","2026-03-17","2025-02-19 (4경기)"
"핑핑","하루묭","P","뷰","win","2026-03-17","2025-10-08 (3경기)"
"하루묭","핑핑","Z","뷰","lose","2026-03-17","2025-10-08 (3경기)"
"2라니","밥새","T","뷰","win","2026-03-17","2025-10-08 (5경기)"
"밥새","2라니","Z","뷰","lose","2026-03-17","2025-10-08 (5경기)"
"윤진규","정민기","T","뷰","lose","2026-03-17","2025-02-19 (4경기)"
"시조새","파찌","Z","뷰","lose","2026-03-17","2025-10-08 (6경기)"
"민찬기","유이","T","3","win","2026-03-17","2025-10-08 (1경기)"
"유이","민찬기","T","3","lose","2026-03-17","2025-10-08 (1경기)"
"김학수","이예준","Z","폴리포이드","lose","2026-03-17","2025-02-19 (3경기)"
"유이","단양","Z","폴리포이드","win","2026-03-17","2025-10-08 (1경기)"
"박성준","박현재","T","라데온","lose","2026-03-17","2025-10-08 (3경기)"
"박현재","박성준","Z","라데온","win","2026-03-17","2025-10-08 (3경기)"
"이영한","윤찬희","T","폴스타","lose","2026-03-17","2025-03-13 (5경기)"
"박재혁","이재호","T","7","lose","2026-03-17","2024-12-20 (1경기)"
"하두링","뚜비","T","라데온","lose","2026-03-17","2025-02-23 (8경기)"
"강덕구","아라미","Z","폴리포이드","lose","2026-03-17","2025-10-08 (6경기)"
"백갑숙","박하악","Z","폴리포이드","lose","2026-03-17","2025-10-08 (7경기)"
"박듀듀","다예","Z","뷰","lose","2026-03-17","2025-03-13 (7경기)"
"전태양","홍덕","P","메트로폴리스","win","2026-03-17","2025-02-19 (6경기)"
"또해영","빵지니","T","라데온","lose","2026-03-17","2025-02-26 (8경기)"
"수핸","김채이","P","라데온","lose","2026-03-17","2025-10-02 (1경기)"
"공다츠","하리","P","라데온","lose","2026-03-17","2025-10-02 (2경기)"
"앵지","하리","P","이클립스","lose","2026-03-17","2025-03-13 (6경기)"
"오하얀","강덕구","T","폴리포이드","win","2026-03-17","2025-10-02 (4경기)"
"소심","뚜미","T","폴리포이드","win","2026-03-17","2025-10-02 (5경기)"
"뚜미","소심","T","폴리포이드","lose","2026-03-17","2025-10-02 (5경기)"
"이아깽","슈슈","Z","라데온","win","2026-03-17","2025-10-01 (1경기)"
"슈슈","이아깽","T","라데온","lose","2026-03-17","2025-10-01 (1경기)"
"기나","히엉","T","라데온","win","2026-03-17","2025-10-01 (2경기)"
"강덕구","아라미","Z","뷰","lose","2026-03-17","2025-02-23 (2경기)"
"신상문","이예훈","Z","도미네이터","win","2026-03-17","2024-12-20 (2경기)"
"또해영","박하악","Z","3","lose","2026-03-17","2025-02-26 (1경기)"
"링가","시녕뭉","Z","뷰","win","2026-03-17","2025-10-01 (6경기)"
"시녕뭉","링가","T","뷰","lose","2026-03-17","2025-10-01 (6경기)"
"다예","박듀듀","P","뷰","win","2026-03-17","2025-03-13 (7경기)"
"유승곤","박재혁","Z","판테온","lose","2026-03-17","2024-12-20 (1경기)"
"정영재","김윤중","P","3","win","2026-03-17","2025-09-28 (1경기)"
"김윤중","정영재","T","3","lose","2026-03-17","2025-09-28 (1경기)"
"빵지니","또해영","Z","라데온","win","2026-03-17","2025-02-26 (8경기)"
"이영한","정민기","T","리트머스","win","2026-03-17","2025-09-28 (2경기)"
"박하악","또해영","Z","3","win","2026-03-17","2025-02-26 (1경기)"
"이예훈","신상문","T","도미네이터","lose","2026-03-17","2024-12-20 (2경기)"
"이재호","송병구","P","백","win","2026-03-17","2024-12-20 (4경기)"
"찡찡시아","단비송","T","폴리포이드","win","2026-03-17","2025-09-28 (4경기)"
"백갑숙","내가먼지","T","라데온","lose","2026-03-17","2025-09-28 (5경기)"
"규리야","몽순","Z","라데온","lose","2026-03-17","2025-09-28 (6경기)"
"무찌","늑대채린","Z","라데온","win","2026-03-17","2025-02-26 (6경기)"
"쟈닌","우힝이","T","1","lose","2026-03-17","2025-09-28 (1경기)"
"쟈닌","김말랑","T","뷰","win","2026-03-17","2025-09-28 (1경기)"
"우힝이","하블리","Z","라데온","win","2026-03-17","2025-09-28 (2경기)"
"김명운","도재욱","P","민스트럴","win","2026-03-17","2024-12-20 (3경기)"
"구보라","히엉","T","라데온","lose","2026-03-17","2025-09-28 (3경기)"
"뿌하","링가","T","폴리포이드","lose","2026-03-17","2025-09-28 (4경기)"
"최세상","예슬","P","뷰","win","2026-03-17","2025-09-28 (5경기)"
"하리","앵지","Z","이클립스","win","2026-03-17","2025-03-13 (6경기)"
"도재욱","김명운","Z","민스트럴","lose","2026-03-17","2024-12-20 (3경기)"
"팥순","주하랑","P","라데온","lose","2026-03-17","2025-02-26 (7경기)"
"이창우","임진묵","T","라데온","lose","2026-03-17","2025-09-27 (1경기)"
"이경민","김수식","Z","뷰","win","2026-03-17","2025-09-27 (3경기)"
"김수식","이경민","P","뷰","lose","2026-03-17","2025-09-27 (3경기)"
"박현재","이지다","Z","3","win","2026-03-17","2025-09-20 (1경기)"
"이지다","박현재","T","3","lose","2026-03-17","2025-09-20 (1경기)"
"또해영","빵지니","T","라데온","win","2026-03-17","2025-02-26 (1경기)"
"나린","금선","T","뷰","lose","2026-03-17","2025-09-14 (2경기)"
"귀요민정","으냉이","T","0","lose","2026-03-17","2025-09-14 (1경기)"
"으냉이","귀요민정","Z","뷰","win","2026-03-17","2025-09-14 (1경기)"
"박태민","윤호준","P","뷰","lose","2026-03-17","2024-12-20 (6경기)"
"유복실","라미","Z","뷰","lose","2026-03-17","2025-09-14 (2경기)"
"서윤","하랑","P","폴리포이드","lose","2026-03-17","2025-09-14 (3경기)"
"박하악","김무아","P","라데온","win","2026-03-17","2025-09-14 (4경기)"
"하얀눈길","최재성","T","폴리포이드","lose","2026-03-17","2025-09-12 (1경기)"
"최재성","하얀눈길","P","폴리포이드","win","2026-03-17","2025-09-12 (1경기)"
"서문지훈","장민철","P","폴스타","lose","2026-03-17","2025-09-12 (2경기)"
"김민우","민찬기","T","폴스타","lose","2026-03-17","2025-09-12 (3경기)"
"박단원","정소윤","Z","라데온","lose","2026-03-17","2025-09-12 (4경기)"
"정소윤","박단원","P","라데온","lose","2026-03-17","2025-09-12 (5경기)"
"오하얀","먹체토","P","4","win","2026-03-17","2025-09-11 (1경기)"
"김경모","지동원","T","뷰","lose","2026-03-17","2024-12-20 (5경기)"
"밥새","은서","P","뷰","win","2026-03-17","2025-09-11 (2경기)"
"오하얀","깨림이","T","폴리포이드","win","2026-03-17","2025-09-11 (3경기)"
"슬돌이","지두두","T","폴리포이드","win","2026-03-17","2025-02-26 (2경기)"
"설둥이","아라미","Z","폴리포이드","lose","2026-03-17","2025-09-11 (4경기)"
"하리","공다츠","Z","라데온","lose","2026-03-17","2025-09-11 (5경기)"
"설둥이","아라미","Z","뷰","lose","2026-03-17","2025-09-11 (6경기)"
"오하얀","깨림이","T","뷰","win","2026-03-17","2025-09-11 (7경기)"
"2라니","수니양","T","폴리포이드","lose","2026-03-17","2025-11-10 (5경기)"
"늑대채린","토마토","P","2","lose","2026-03-17","2024-12-15 (1경기)"
"오리꿍","엄보리","P","리트머스","win","2026-03-17","2025-11-10 (7경기)"
"조은","하리","P","라데온","win","2026-03-17","2025-11-10 (8경기)"
"하리","조은","T","라데온","lose","2026-03-17","2025-11-10 (8경기)"
"토마토","늑대채린","Z","2","win","2026-03-17","2024-12-15 (1경기)"
"김말랑","구키","P","3","lose","2026-03-17","2025-11-09 (1경기)"
"김말랑","구키","P","라데온","lose","2026-03-17","2025-11-09 (1경기)"
"제티","메옹","T","라데온","win","2026-03-17","2025-11-09 (2경기)"
"연둥바둥","최세상","T","폴리포이드","lose","2026-03-17","2025-11-09 (5경기)"
"최세상","연둥바둥","P","폴리포이드","win","2026-03-17","2025-11-09 (5경기)"
"이아깽","김설","Z","녹아웃","lose","2026-03-17","2025-11-09 (6경기)"
"윤호준","박태민","Z","뷰","win","2026-03-17","2024-12-20 (6경기)"
"핑핑","밥새","T","라데온","win","2026-03-17","2025-09-07 (1경기)"
"밥새","핑핑","Z","라데온","lose","2026-03-17","2025-09-07 (1경기)"
"민찬기","강민기","P","뷰","lose","2026-03-17","2025-09-07 (2경기)"
"김윤중","최호선","T","라데온","lose","2026-03-17","2025-09-07 (3경기)"
"치쨩","여운","T","폴리포이드","lose","2026-03-17","2025-09-07 (5경기)"
"뚜미","재연","P","폴리포이드","win","2026-03-17","2025-03-25 (7경기)"
"김윤중","최호선","T","폴스타","win","2026-03-17","2025-09-07 (6경기)"
"최호선","김윤중","P","폴스타","lose","2026-03-17","2025-09-07 (6경기)"
"윤용태","박준오","Z","1","win","2026-03-17","2025-09-06 (1경기)"
"박준오","윤용태","P","1","lose","2026-03-17","2025-09-06 (1경기)"
"지두두","슬돌이","P","폴리포이드","lose","2026-03-17","2025-02-26 (2경기)"
"한쪼니","다뉴","Z","녹아웃","lose","2026-03-17","2025-10-28 (5경기)"
"이아깽","히댕","Z","3","win","2026-03-17","2025-10-27 (1경기)"
"히댕","이아깽","T","3","lose","2026-03-17","2025-10-27 (1경기)"
"히댕","이아깽","T","녹아웃","lose","2026-03-17","2025-10-27 (1경기)"
"링가","남수댕","P","라데온","win","2026-03-17","2025-10-27 (2경기)"
"나무늘봉순","히엉","T","리트머스","win","2026-03-17","2025-10-27 (3경기)"
"메옹","오리꿍","Z","폴리포이드","win","2026-03-17","2025-10-27 (4경기)"
"윤찬희","김윤중","P","라데온","win","2026-03-17","2025-10-27 (5경기)"
"김윤중","윤찬희","T","라데온","lose","2026-03-17","2025-10-27 (5경기)"
"남수댕","링가","T","라데온","win","2026-03-17","2025-10-27 (7경기)"
"진유성","비재희","Z","녹아웃","win","2026-03-17","2025-10-19 (6경기)"
"김재현","이영한","Z","메트로폴리스","win","2026-03-17","2025-10-19 (7경기)"
"모비","구쁘","Z","라데온","win","2026-03-17","2025-10-19 (8경기)"
"김재현","이영한","Z","리트머스","lose","2026-03-17","2025-10-19 (9경기)"
"김건욱","박준혁","P","메트로폴리스","win","2026-03-17","2025-10-16 (6경기)"
"이윤열","박성준","Z","폴리포이드","win","2026-03-17","2025-10-16 (7경기)"
"박성준","이윤열","T","폴리포이드","lose","2026-03-17","2025-10-16 (7경기)"
"조일장","이영호","T","폴스타","lose","2026-03-17","2025-10-02 (2경기)"
"하두링","치리","Z","폴리포이드","lose","2026-03-17","2025-10-02 (3경기)"
"예슬","옆집뽀누나","T","4","win","2026-03-17","2025-09-03 (1경기)"
"옆집뽀누나","예슬","P","4","lose","2026-03-17","2025-09-03 (1경기)"
"구키","황단비","Z","라데온","lose","2026-03-17","2025-09-03 (2경기)"
"황단비","구키","P","라데온","win","2026-03-17","2025-09-03 (2경기)"
"태린","쌍디","Z","뷰","win","2026-03-17","2025-09-03 (3경기)"
"김설","지방시","P","폴리포이드","win","2026-03-17","2025-09-03 (4경기)"
"이제동","이영호","T","라데온","lose","2026-03-17","2025-02-19 (5경기)"
"슬아","하리","P","1","lose","2026-03-17","2025-09-01 (1경기)"
"슬아","하리","P","라데온","lose","2026-03-17","2025-09-01 (1경기)"
"모비","팽유","Z","폴리포이드","lose","2026-03-17","2025-09-01 (2경기)"
"이예준","김윤환","Z","3","win","2026-03-17","2025-08-27 (1경기)"
"김윤환","이예준","Z","3","lose","2026-03-17","2025-08-27 (1경기)"
"김윤환","윤용태","P","폴스타","win","2026-03-17","2025-08-27 (1경기)"
"박재혁","지동원","T","폴스타","lose","2026-03-17","2025-08-27 (2경기)"
"태영","구루미","Z","폴리포이드","lose","2026-03-17","2025-02-26 (3경기)"
"전제민","이예준","Z","폴리포이드","lose","2026-03-17","2025-08-27 (4경기)"
"밥새","또해영","Z","5","win","2026-03-17","2025-08-19 (1경기)"
"또해영","밥새","T","5","lose","2026-03-17","2025-08-19 (1경기)"
"이재호","송병구","P","라데온","win","2026-03-17","2024-12-20 (9경기)"
"하루묭","비타밍","T","라데온","win","2026-03-17","2025-08-19 (2경기)"
"한쪼니","사사삼","P","폴리포이드","lose","2026-03-17","2025-08-19 (3경기)"
"사사삼","한쪼니","P","폴리포이드","win","2026-03-17","2025-08-19 (3경기)"
"또해영","하루묭","P","뷰","lose","2026-03-17","2025-08-19 (5경기)"
"하루묭","사사삼","P","뷰","lose","2026-03-17","2025-08-19 (6경기)"
"쟈닌","사사삼","P","폴리포이드","win","2026-03-17","2025-08-19 (7경기)"
"사사삼","쟈닌","Z","폴리포이드","lose","2026-03-17","2025-08-19 (7경기)"
"김지성","송병구","P","메트로폴리스","win","2026-03-17","2025-08-12 (1경기)"
"송병구","김지성","T","메트로폴리스","lose","2026-03-17","2025-08-12 (1경기)"
"임홍규","윤찬희","T","메트로폴리스","lose","2026-03-17","2025-08-12 (2경기)"
"김경모","염보성","T","뷰","win","2026-03-17","2025-08-12 (3경기)"
"내가먼지","박하악","Z","라데온","lose","2026-03-17","2025-02-26 (4경기)"
"이영호","이제동","Z","라데온","win","2026-03-17","2025-02-19 (5경기)"
"김정우","조기석","T","3","lose","2026-03-17","2025-08-12 (1경기)"
"조기석","김정우","Z","도미네이터","win","2026-03-17","2025-08-12 (1경기)"
"하랑","밍도릿","Z","뷰","win","2026-03-17","2025-02-26 (5경기)"
"밍도릿","하랑","P","뷰","lose","2026-03-17","2025-02-26 (5경기)"
"강민기","김건욱","Z","메트로폴리스","win","2026-03-17","2025-08-12 (3경기)"
"김건욱","강민기","P","메트로폴리스","lose","2026-03-17","2025-08-12 (3경기)"
"2라니","모리","T","라데온","lose","2026-03-17","2025-10-02 (5경기)"
"꼬니부깅","깨림이","T","뷰","lose","2026-03-17","2025-09-28 (1경기)"